{"cameraMode":{"drawMode":0,"name":"Shaded","section":"Shading Mode"},"sceneLighting":true,"audioPlay":false,"sceneViewState":{"showFog":true,"showMaterialUpdate":false,"showSkybox":true,"showFlares":true,"showImageEffects":true,"showParticleSystems":true},"in2DMode":false,"pivot":{"x":-249.01702880859376,"y":-14.909500122070313,"z":138.1287078857422},"rotation":{"x":0.1659444272518158,"y":0.0349118746817112,"z":-0.005876992829144001,"w":0.9854994416236877},"size":19.23933219909668,"orthographic":false}