{"cameraMode":{"drawMode":0,"name":"Shaded","section":"Shading Mode"},"sceneLighting":false,"audioPlay":false,"sceneViewState":{"showFog":true,"showMaterialUpdate":false,"showSkybox":true,"showFlares":true,"showImageEffects":true,"showParticleSystems":true},"in2DMode":false,"pivot":{"x":98.65697479248047,"y":-154.36268615722657,"z":456.35614013671877},"rotation":{"x":0.19786515831947328,"y":0.07725382596254349,"z":-0.015644796192646028,"w":0.977055013179779},"size":393.5062561035156,"orthographic":false}