{"cameraMode":{"drawMode":0,"name":"Shaded","section":"Shading Mode"},"sceneLighting":false,"audioPlay":false,"sceneViewState":{"showFog":true,"showMaterialUpdate":false,"showSkybox":true,"showFlares":true,"showImageEffects":true,"showParticleSystems":true},"in2DMode":false,"pivot":{"x":-0.4022800922393799,"y":1.1573169231414796,"z":-0.5190261602401733},"rotation":{"x":0.15134866535663606,"y":0.5055752396583557,"z":-0.09059927612543106,"w":0.8445585370063782},"size":0.728045642375946,"orthographic":false}