{"cameraMode":{"drawMode":0,"name":"Shaded","section":"Shading Mode"},"sceneLighting":false,"audioPlay":false,"sceneViewState":{"showFog":true,"showMaterialUpdate":false,"showSkybox":true,"showFlares":true,"showImageEffects":true,"showParticleSystems":true},"in2DMode":false,"pivot":{"x":-21.94049835205078,"y":8.776162147521973,"z":23.61593246459961},"rotation":{"x":0.07374516129493714,"y":-0.015546205453574658,"z":0.0011514155194163323,"w":0.9971552491188049},"size":60.3785514831543,"orthographic":false}