{"cameraMode":{"drawMode":0,"name":"Shaded","section":"Shading Mode"},"sceneLighting":false,"audioPlay":false,"sceneViewState":{"showFog":true,"showMaterialUpdate":false,"showSkybox":true,"showFlares":true,"showImageEffects":true,"showParticleSystems":true},"in2DMode":false,"pivot":{"x":-4.272174835205078,"y":7.682370185852051,"z":24.58646011352539},"rotation":{"x":0.17340755462646485,"y":-0.015359628014266491,"z":0.0027047975454479458,"w":0.9847266674041748},"size":41.152381896972659,"orthographic":false}