{"cameraMode":{"drawMode":0,"name":"Shaded","section":"Shading Mode"},"sceneLighting":false,"audioPlay":false,"sceneViewState":{"showFog":true,"showMaterialUpdate":false,"showSkybox":true,"showFlares":true,"showImageEffects":true,"showParticleSystems":true},"in2DMode":false,"pivot":{"x":-0.17116272449493409,"y":10.808451652526856,"z":24.915491104125978},"rotation":{"x":0.11107678711414337,"y":-0.008046296425163746,"z":0.000899388687685132,"w":0.9937789440155029},"size":39.69140625,"orthographic":false}