{"cameraMode":{"drawMode":0,"name":"Shaded","section":"Shading Mode"},"sceneLighting":false,"audioPlay":false,"sceneViewState":{"showFog":true,"showMaterialUpdate":false,"showSkybox":true,"showFlares":true,"showImageEffects":true,"showParticleSystems":true},"in2DMode":false,"pivot":{"x":-2.876140594482422,"y":9.598462104797364,"z":-8.263896942138672},"rotation":{"x":0.12279197573661804,"y":0.05892491340637207,"z":-0.007302034646272659,"w":0.990654706954956},"size":18.506345748901368,"orthographic":false}