{"cameraMode":{"drawMode":0,"name":"Shaded","section":"Shading Mode"},"sceneLighting":false,"audioPlay":false,"sceneViewState":{"showFog":true,"showMaterialUpdate":false,"showSkybox":true,"showFlares":true,"showImageEffects":true,"showParticleSystems":true},"in2DMode":false,"pivot":{"x":1.2734124660491944,"y":1.7301427125930787,"z":0.568673849105835},"rotation":{"x":0.1972421407699585,"y":0.25629526376724245,"z":-0.0535070039331913,"w":0.944746196269989},"size":10.312322616577149,"orthographic":false}