{"cameraMode":{"drawMode":0,"name":"Shaded","section":"Shading Mode"},"sceneLighting":true,"audioPlay":false,"sceneViewState":{"showFog":true,"showMaterialUpdate":false,"showSkybox":true,"showFlares":true,"showImageEffects":true,"showParticleSystems":true},"in2DMode":false,"pivot":{"x":-77.04222106933594,"y":21.528759002685548,"z":42.593528747558597},"rotation":{"x":0.11552220582962036,"y":0.02623077854514122,"z":-0.0030500488355755808,"w":0.9929538369178772},"size":151.9330596923828,"orthographic":false}