{"cameraMode":{"drawMode":0,"name":"Shaded","section":"Shading Mode"},"sceneLighting":false,"audioPlay":false,"sceneViewState":{"showFog":true,"showMaterialUpdate":false,"showSkybox":true,"showFlares":true,"showImageEffects":true,"showParticleSystems":true},"in2DMode":false,"pivot":{"x":-143.5824432373047,"y":31.709766387939454,"z":52.044395446777347},"rotation":{"x":0.19786515831947328,"y":0.07725382596254349,"z":-0.015644796192646028,"w":0.977055013179779},"size":2.3224434852600099,"orthographic":false}