{"cameraMode":{"drawMode":0,"name":"Shaded","section":"Shading Mode"},"sceneLighting":false,"audioPlay":false,"sceneViewState":{"showFog":true,"showMaterialUpdate":false,"showSkybox":true,"showFlares":true,"showImageEffects":true,"showParticleSystems":true},"in2DMode":false,"pivot":{"x":-0.0000019073486328125,"y":1.9679038524627686,"z":14.851720809936524},"rotation":{"x":0.19078131020069123,"y":0.33338138461112978,"z":-0.06907913088798523,"w":0.9206994771957398},"size":84.57172393798828,"orthographic":false}