{"cameraMode":{"drawMode":0,"name":"Shaded","section":"Shading Mode"},"sceneLighting":true,"audioPlay":false,"sceneViewState":{"showFog":true,"showMaterialUpdate":false,"showSkybox":true,"showFlares":true,"showImageEffects":true,"showParticleSystems":true},"in2DMode":false,"pivot":{"x":-1863.8353271484375,"y":772.6904296875,"z":-589.1328125},"rotation":{"x":0.19078131020069123,"y":0.33338138461112978,"z":-0.06907913088798523,"w":0.9206994771957398},"size":9.908231735229493,"orthographic":false}