{"cameraMode":{"drawMode":0,"name":"Shaded","section":"Shading Mode"},"sceneLighting":true,"audioPlay":false,"sceneViewState":{"showFog":true,"showMaterialUpdate":false,"showSkybox":true,"showFlares":true,"showImageEffects":true,"showParticleSystems":true},"in2DMode":false,"pivot":{"x":1.979818344116211,"y":1.94356369972229,"z":7.075648784637451},"rotation":{"x":0.17249515652656556,"y":0.31806519627571108,"z":-0.05896856635808945,"w":0.930377721786499},"size":9.526602745056153,"orthographic":false}