{"cameraMode":{"drawMode":0,"name":"Shaded","section":"Shading Mode"},"sceneLighting":false,"audioPlay":false,"sceneViewState":{"showFog":true,"showMaterialUpdate":false,"showSkybox":true,"showFlares":true,"showImageEffects":true,"showParticleSystems":true},"in2DMode":false,"pivot":{"x":-38.050376892089847,"y":0.12350749969482422,"z":153.69479370117188},"rotation":{"x":0.19786515831947328,"y":0.07725382596254349,"z":-0.015644796192646028,"w":0.977055013179779},"size":393.5230712890625,"orthographic":false}