{"cameraMode":{"drawMode":0,"name":"Shaded","section":"Shading Mode"},"sceneLighting":false,"audioPlay":false,"sceneViewState":{"showFog":true,"showMaterialUpdate":false,"showSkybox":true,"showFlares":true,"showImageEffects":true,"showParticleSystems":true},"in2DMode":false,"pivot":{"x":0.04107475280761719,"y":0.12508943676948548,"z":45.140499114990237},"rotation":{"x":0.19786515831947328,"y":0.07725382596254349,"z":-0.015644796192646028,"w":0.977055013179779},"size":66.3641128540039,"orthographic":false}