{"cameraMode":{"drawMode":0,"name":"Shaded","section":"Shading Mode"},"sceneLighting":false,"audioPlay":false,"sceneViewState":{"showFog":true,"showMaterialUpdate":false,"showSkybox":true,"showFlares":true,"showImageEffects":true,"showParticleSystems":true},"in2DMode":false,"pivot":{"x":-0.7990827560424805,"y":7.22247314453125,"z":19.124828338623048},"rotation":{"x":0.23785483837127686,"y":0.03437948599457741,"z":-0.008424469269812107,"w":0.9706555604934692},"size":77.90033721923828,"orthographic":false}