{"cameraMode":{"drawMode":0,"name":"Shaded","section":"Shading Mode"},"sceneLighting":true,"audioPlay":false,"sceneViewState":{"showFog":true,"showMaterialUpdate":false,"showSkybox":true,"showFlares":true,"showImageEffects":true,"showParticleSystems":true},"in2DMode":false,"pivot":{"x":-1865.85595703125,"y":772.7025756835938,"z":-583.5623168945313},"rotation":{"x":0.1972421407699585,"y":0.25629526376724245,"z":-0.0535070039331913,"w":0.944746196269989},"size":14.7644624710083,"orthographic":false}