{"cameraMode":{"drawMode":0,"name":"Shaded","section":"Shading Mode"},"sceneLighting":true,"audioPlay":false,"sceneViewState":{"showFog":true,"showMaterialUpdate":false,"showSkybox":true,"showFlares":true,"showImageEffects":true,"showParticleSystems":true},"in2DMode":false,"pivot":{"x":-2.6534299850463869,"y":-18.574697494506837,"z":-22.783851623535158},"rotation":{"x":-0.018518919125199319,"y":0.9405463933944702,"z":-0.33515480160713198,"w":-0.05197048932313919},"size":89.2919921875,"orthographic":false}