{"cameraMode":{"drawMode":0,"name":"Shaded","section":"Shading Mode"},"sceneLighting":true,"audioPlay":false,"sceneViewState":{"showFog":true,"showMaterialUpdate":false,"showSkybox":true,"showFlares":true,"showImageEffects":true,"showParticleSystems":true},"in2DMode":false,"pivot":{"x":273.0534973144531,"y":229.41734313964845,"z":21.1031494140625},"rotation":{"x":-0.01018966268748045,"y":0.00449468195438385,"z":0.000045744051021756604,"w":0.9999380111694336},"size":977.078857421875,"orthographic":false}