{"cameraMode":{"drawMode":0,"name":"Shaded","section":"Shading Mode"},"sceneLighting":false,"audioPlay":false,"sceneViewState":{"showFog":true,"showMaterialUpdate":false,"showSkybox":true,"showFlares":true,"showImageEffects":true,"showParticleSystems":true},"in2DMode":false,"pivot":{"x":24.194782257080079,"y":3.7607173919677736,"z":29.973861694335939},"rotation":{"x":-0.12118545919656754,"y":-0.07437459379434586,"z":0.00910524744540453,"w":-0.9897977709770203},"size":89.08631896972656,"orthographic":false}