{"cameraMode":{"drawMode":0,"name":"Shaded","section":"Shading Mode"},"sceneLighting":false,"audioPlay":false,"sceneViewState":{"showFog":true,"showMaterialUpdate":false,"showSkybox":true,"showFlares":true,"showImageEffects":true,"showParticleSystems":true},"in2DMode":false,"pivot":{"x":-4.142074108123779,"y":-4.558553695678711,"z":2.354980230331421},"rotation":{"x":-0.12450370192527771,"y":0.0029763279017060997,"z":-0.00037427080678753555,"w":-0.9922146797180176},"size":13.459944725036621,"orthographic":false}