{"cameraMode":{"drawMode":0,"name":"Shaded","section":"Shading Mode"},"sceneLighting":false,"audioPlay":false,"sceneViewState":{"showFog":true,"showMaterialUpdate":false,"showSkybox":true,"showFlares":true,"showImageEffects":true,"showParticleSystems":true},"in2DMode":false,"pivot":{"x":-0.013404741883277893,"y":0.030476361513137819,"z":-0.0008210837841033936},"rotation":{"x":-0.13305416703224183,"y":-0.07426019012928009,"z":0.009997044689953328,"w":-0.9882723689079285},"size":0.8137661814689636,"orthographic":false}